Catégorie,Titre,Prix,Note,Disponibilité
Everyday,Blitz 30,$289.00,Note masquée (JS),En stock
Everyday,Rip Ruck 24,$169.00,Note masquée (JS),En stock
Everyday,3 Way 18 Expandable Briefcase,$205.00,Note masquée (JS),En stock
Everyday,Mission Rover 45,$249.00,Note masquée (JS),En stock
Everyday,2 Day Assault,$249.00,Note masquée (JS),En stock
Everyday,Blitz 35,$329.00,Note masquée (JS),En stock
Everyday,Mission Packing Cube,$34.00,Note masquée (JS),En stock
Everyday,Void Bag,$18.00,Note masquée (JS),En stock
Everyday,Rip Ruck 15,$129.99,Note masquée (JS),En stock
Everyday,Rip Ruck 32,$289.00,Note masquée (JS),En stock
Everyday,3 Way 27 Briefcase,$229.00,Note masquée (JS),En stock
Everyday,Rip Ruck 20,$149.99,Note masquée (JS),En stock
Everyday,Tech Holster,$39.00,Note masquée (JS),En stock
Everyday,Web Keepers,$12.00,Note masquée (JS),En stock
Hunting,Metcalf 75,$575.00,Note masquée (JS),En stock
Hunting,Women's Metcalf 75,$575.00,Note masquée (JS),En stock
Hunting,Hydrapak 3.1L OHY Diagonal Port Reservoir,$50.00,Note masquée (JS),En stock
Hunting,Sawtooth 45,$550.00,Note masquée (JS),En stock
Hunting,Women's Sawtooth 45,$550.00,Note masquée (JS),En stock
Hunting,Marshall 105,$750.00,Note masquée (JS),En stock
Hunting,Women's Marshall 105,$750.00,Note masquée (JS),En stock
Hunting,Beartooth 85,$650.00,Note masquée (JS),En stock
Hunting,Women's Beartooth 85,$650.00,Note masquée (JS),En stock
Hunting,Sawtooth 65,$600.00,Note masquée (JS),En stock
Hunting,Women's Sawtooth 65,$600.00,Note masquée (JS),En stock
Hunting,Metcalf 50,$550.00,Note masquée (JS),En stock
Hunting,Women's Metcalf 50,$550.00,Note masquée (JS),En stock
Hunting,Metcalf 100,$625.00,Note masquée (JS),En stock
Hunting,Women's Metcalf 100,$625.00,Note masquée (JS),En stock
Hunting,Gravelly 18,$160.00,Note masquée (JS),En stock
Hunting,Pop Up 30,$425.00,Note masquée (JS),En stock
Hunting,Women's Pop Up 30,$425.00,Note masquée (JS),En stock
Hunting,Pop Up 40,$475.00,Note masquée (JS),En stock
Hunting,Women's Pop Up 40,$475.00,Note masquée (JS),En stock
Hunting,Treehouse 16,$200.00,Note masquée (JS),En stock
Hunting,Treehouse 20,$250.00,Note masquée (JS),En stock
Hunting,Treehouse 38,$325.00,Note masquée (JS),En stock
Hunting,Pintler,$499.00,Note masquée (JS),En stock
Hunting,Anchor Point Bow Case,$299.00,Note masquée (JS),En stock
Hunting,Anchor Point Cube,$20.00,Note masquée (JS),En stock
Hunting,Hydrapak 3.1L OHY Reservoir,$45.00,Note masquée (JS),En stock
Hunting,Void Bag,$18.00,Note masquée (JS),En stock
Hunting,Mission Packing Cube,$34.00,Note masquée (JS),En stock
Hunting,Bear Spray Holster,$35.00,Note masquée (JS),En stock
Hunting,Game Bags,$32.00,Note masquée (JS),En stock
Hunting,Spotting Scope Sling,$89.00,Note masquée (JS),En stock
Hunting,Rangefinder Holster,$30.00,Note masquée (JS),En stock
Hunting,Cheeky Riser,$70.00,Note masquée (JS),En stock
Hunting,Back Strap Hydro,$69.00,Note masquée (JS),En stock
Hunting,Bino Harness 10x,$150.00,Note masquée (JS),En stock
Hunting,Bino Harness 12x,$165.00,Note masquée (JS),En stock
Hunting,Forager Pocket,$25.00,Note masquée (JS),En stock
Hunting,Pack Fly,$35.00,Note masquée (JS),En stock
Hunting,Quick Attach Accessory Straps,$30.00,Note masquée (JS),En stock
Hunting,Stick-It Plus,$50.00,Note masquée (JS),En stock
Hunting,Tech Holster,$39.00,Note masquée (JS),En stock
Hunting,Web Keepers,$12.00,Note masquée (JS),En stock
Military,3 Day Assault BVS,$595.00,Note masquée (JS),En stock
Military,Blackjack 100,"$1,285.00",Note masquée (JS),En stock
Military,Military Light Frame (MLF),$550.00,Note masquée (JS),En stock
Military,Blackjack 80,"$1,125.00",Note masquée (JS),En stock
Military,Mountain Ruck,"$1,080.00",Note masquée (JS),En stock
Military,Hydrapak 3.1L OHY Diagonal Port Reservoir,$50.00,Note masquée (JS),En stock
Military,Blackjack 50,"$1,025.00",Note masquée (JS),En stock
Military,RATS Pack,$825.00,Note masquée (JS),En stock
Military,Load Sling,$575.00,Note masquée (JS),En stock
Military,Komodo Dragon,$600.00,Note masquée (JS),En stock
Military,Blackjack LT 35,$675.00,Note masquée (JS),En stock
Military,Overload,"$1,170.00",Note masquée (JS),En stock
Military,ROUS,"$1,525.00",Note masquée (JS),En stock
Military,Jump Komodo,$795.00,Note masquée (JS),En stock
Military,NICE Frame BVS,$580.00,Note masquée (JS),En stock
Military,Gunfighter 14,$410.00,Note masquée (JS),En stock
Military,Gunfighter 24,$480.00,Note masquée (JS),En stock
Military,ASAP 20,$395.00,Note masquée (JS),En stock
Military,Gunfighter Armor Attach,$485.00,Note masquée (JS),En stock
Military,Raid LT 32,$415.00,Note masquée (JS),En stock
Military,MOLE,$875.00,Note masquée (JS),En stock
Military,117G Sleeve,$75.00,Note masquée (JS),En stock
Military,Jump RATS,$950.00,Note masquée (JS),En stock
Military,Jump Mountain Ruck,"$1,265.00",Note masquée (JS),En stock
Military,Jump Overload,"$1,385.00",Note masquée (JS),En stock
Military,NICE RATS,"$1,255.00",Note masquée (JS),En stock
Military,RFAK,$85.00,Note masquée (JS),En stock
Military,VLAK,$110.00,Note masquée (JS),En stock
Military,Removable Pocket,$40.00,Note masquée (JS),En stock
Military,Hitchhiker 20,$275.00,Note masquée (JS),En stock
Military,Daypack Lid,$130.00,Note masquée (JS),En stock
Military,152 Pouch,$55.00,Note masquée (JS),En stock
Military,Hydrapak 3.1L OHY Reservoir,$45.00,Note masquée (JS),En stock
Military,SOCOM Water Bottle Pocket,$50.00,Note masquée (JS),En stock
Military,MOLLE Radio Wrap,$105.00,Note masquée (JS),En stock
Military,Mystery Cinch,$45.00,Note masquée (JS),En stock
Military,Rip Zip Pocket,$65.00,Note masquée (JS),En stock
Military,Removable Stick-It,$85.00,Note masquée (JS),En stock
Military,Quick Attach Accessory Straps,$30.00,Note masquée (JS),En stock
Military,Web Keepers,$12.00,Note masquée (JS),En stock
Military,goTenna Pouch,N/A,Note masquée (JS),En stock
